"id_high","type_1","type_2","type_3","type_4","type_5"
"0l3gt6kn",0.999324046451917,0.00010043125940784,0,0,0.000575522288675344
"678mcmdx",0.677412342564159,0.00642359699581979,0,0,0.316164060440022
"6qamalyc",0.999324046451917,0.00010043125940784,0,0,0.000575522288675344
"9h01tbpr",0.999324046451917,0.00010043125940784,0,0,0.000575522288675344
"9i1kxfvo",0.00883268566588098,0.632833416161492,0,0,0.358333898172628
"a0zcdwey",7.02331871144968e-09,0.979928632777205,0,0,0.0200713601994762
"a2jr4m82",0.999324046451917,0.00010043125940784,0,0,0.000575522288675344
"a61vpnfb",0.000277665475534435,0.0205644480365727,0,0,0.979157886487892
"ajmkt1pv",1.53909703650852e-05,0.945709982396027,0,0,0.0542746266336077
"ayb47kf3",0.00167209020661337,0.365883025563276,0,0,0.632444884230111
"b0kdh0mi",0.999324046451917,0.00010043125940784,0,0,0.000575522288675344
"cxwgc7rm",0.999324046451917,0.00010043125940784,0,0,0.000575522288675344
"d0mfv2hy",5.11726270872058e-07,0.843142352855803,0,0,0.156857135417927
"g36wx30z",7.15146243520456e-09,0.997807887468207,0,0,0.00219210538033049
"h2wwf5js",6.10488993315416e-07,0.979928041423908,0,0,0.0200713480870991
"h8nljvv6",0.00883268566588098,0.632833416161492,0,0,0.358333898172628
"huu4823s",0.986091100290998,0.00861420759795819,0,0,0.00529469211104408
"hxixpglg",0.186525938249807,0.00182836525415809,0,0,0.811645696496034
"i7bmod8o",0.944465906698587,0.00825405510109579,0,0,0.0472800382003175
"i8gi18sl",0.000266936320351315,0.0584104064102388,0,0,0.94132265726941
"iaqspanb",0.944469187024559,0.00825061056174572,0,0,0.0472802024136959
"jlwlznfi",0.161201365030977,0.137349842246955,0,0,0.701448792722069
"llty7wrg",0.999324046451917,0.00010043125940784,0,0,0.000575522288675344
"m9ap5wss",0.0240506727804348,0.000235749595276024,0,0,0.975713577624288
"mkf5m70u",0.952224200074069,0.000107380943882364,0,0,0.0476684189820487
"mwcpr6w3",0.648877303154888,0.0482766014871883,0,0,0.302846095357925
"n1k5z1o2",0.0235886164514825,0.0194430043601216,0,0,0.956968379188396
"n8ns8gtz",0.999324046451917,0.00010043125940784,0,0,0.000575522288675344
"nq3aa1j6",0.994559883358796,9.99524648655038e-05,0,0,0.00534016417633904
"o3bldbs5",0.944469187024559,0.00825061056174572,0,0,0.0472802024136959
"ohjjziee",2.24062726243721e-07,0.359669489005717,0,0,0.640330286931557
"pfhlen4q",0.00257653341007395,0.0228855093647387,0,0,0.974537957225187
"pfm93vme",2.97171780770356e-05,0.0229439451131244,0,0,0.977026337708798
"pqzm6ril",4.43503540013445e-05,0.843558824274165,0,0,0.156396825371834
"q7o1eo47",0.999324046451917,0.00010043125940784,0,0,0.000575522288675344
"rmccd2q6",0.677412342564159,0.00642359699581979,0,0,0.316164060440022
"sdivdq32",0.999324046451917,0.00010043125940784,0,0,0.000575522288675344
"sjsy6yny",0.000920697319233506,0.650838336272039,0,0,0.348240966408728
"t6e8b9ia",0.999324046451917,0.00010043125940784,0,0,0.000575522288675344
"tfips4ts",0.986091100290998,0.00861420759795819,0,0,0.00529469211104408
"tukoq3x5",0.00263681159191681,2.58465645135387e-05,0,0,0.997337341843569
"v88gnes2",0.0239973535564965,0.00245218048016172,0,0,0.973550465963341
"vd2312eb",0.552670575711366,0.419662691433062,0,0,0.0276667328555715
"wbz41fs4",0.999324046451917,0.00010043125940784,0,0,0.000575522288675344
"wo0g1fh7",0.677412342564159,0.00642359699581979,0,0,0.316164060440022
"xaz6totc",0.00263661842143994,9.91037834470217e-05,0,0,0.997264277795113
"xop10a9o",0.994559883358796,9.99524648655038e-05,0,0,0.00534016417633904
"yhtu6ne2",0.000232586757651018,0.179574850201148,0,0,0.820192563041201
