"id_medium","type_1","type_2","type_3","type_4","type_5"
"0aveg5z6",9.86480330607129e-05,0,1.69238278983245e-05,0,0.999884428139041
"0gnqrad2",0.292260167325547,0,0.411512650897554,0,0.2962271817769
"0xoyar30",0.412939855898001,0,0.168515219299542,0,0.418544924802456
"1501gflp",0.996946507060375,0,0.000876503093456584,0,0.00217698984616817
"2777aeeb",0.0059738918993559,0,0.987971129148911,0,0.00605497895173267
"35cd3i4u",9.86490665768887e-05,0,6.44720051208716e-06,0,0.999894903732911
"36bhuw5i",9.86137459786106e-05,0,0.000364487796178652,0,0.999536898457843
"3f5zy1h7",0.00212076062722228,0,0.000138602112278324,0,0.997740637260499
"570sj6a2",4.57585747712719e-06,0,0.000756762116667909,0,0.999238662025854
"5zjazts6",0.0437871276316466,0,3.84971034563164e-05,0,0.956174375264898
"9.32E+71",0.70908394960488,0,0.289367653818736,0,0.00154839657638437
"9dv3okk9",9.70660854648729e-05,0,0.0160529336108568,0,0.983850000303679
"9hxjjke3",0.00212076062722228,0,0.000138602112278324,0,0.997740637260499
"aczoyj1s",0.979311773609126,0,0.0185497447649474,0,0.00213848162592629
"bmnd7rsl",0.70908394960488,0,0.289367653818736,0,0.00154839657638437
"co9y27ze",0.210829857108098,0,0.779251505187303,0,0.00991863770460026
"cydromim",0.70908394960488,0,0.289367653818736,0,0.00154839657638437
"dc5a85hb",4.57932156473963e-06,0,2.99281132216185e-07,0,0.999995121397304
"dnhxvc2f",9.85750552510421e-05,0,0.000756690981310532,0,0.999144733963439
"epznv4pu",0.996946507060375,0,0.000876503093456584,0,0.00217698984616817
"f4akqyf2",0.996946507060375,0,0.000876503093456584,0,0.00217698984616817
"ftb32aa2",0.979311773609126,0,0.0185497447649474,0,0.00213848162592629
"hbinzdan",0.457638413284414,0,0.078511385435542,0,0.463850201280044
"hwndkodv",9.86490665768887e-05,0,6.44720051208716e-06,0,0.999894903732911
"iptyy4nd",0.979311773609126,0,0.0185497447649474,0,0.00213848162592629
"jdazj73e",0.996946507060375,0,0.000876503093456584,0,0.00217698984616817
"l3uuyx71",0.70908394960488,0,0.289367653818736,0,0.00154839657638437
"l8bzyak0",0.70908394960488,0,0.289367653818736,0,0.00154839657638437
"lt3dyogr",0.0021210506545254,0,1.86480161864596e-06,0,0.997877084543856
"mcadsix3",0.938097470682997,0,0.017769079382842,0,0.0441334499341609
"mhgosekl",0.0021209693973895,0,4.01745818196839e-05,0,0.997838856020791
"nkruepf3",0.70908394960488,0,0.289367653818736,0,0.00154839657638437
"p8s267j5",0.0021209693973895,0,4.01745818196839e-05,0,0.997838856020791
"p9m8ek25",4.57916196752003e-06,0,3.51509877824387e-05,0,0.99996026985025
"pt12iwqi",9.86480330607129e-05,0,1.69238278983245e-05,0,0.999884428139041
"q9h1hl18",0.820611543204271,0,0.140782214279125,0,0.0386062425166035
"qw76y8p2",0.70908394960488,0,0.289367653818736,0,0.00154839657638437
"r6i6mpil",0.457638413284414,0,0.078511385435542,0,0.463850201280044
"rt2kdodq",0.954266869726095,0,0.000838979681833018,0,0.0448941505920727
"se4c3go6",0.979311773609126,0,0.0185497447649474,0,0.00213848162592629
"se7mpr48",9.86480330607129e-05,0,1.69238278983245e-05,0,0.999884428139041
"shulk9c6",0.495882424436032,0,0.00150425528978084,0,0.502613320274187
"syvbaa3b",0.954266869726095,0,0.000838979681833018,0,0.0448941505920727
"tllhz47v",0.70908394960488,0,0.289367653818736,0,0.00154839657638437
"upycd3xr",0.0434623111357934,0,0.00745629335835724,0,0.949081395505849
"vlz2gzmi",0.0059738918993559,0,0.987971129148911,0,0.00605497895173267
"wmc4bzjc",0.0021210506545254,0,1.86480161864596e-06,0,0.997877084543856
"zamnz7he",0.0015702406294223,0,0.259688731202704,0,0.738741028167873
