"parameter","estimate","se"
"pi_1_self","0.414090420163777","0.0458133192287303"
"pi_2_self_mob","0.138354626363507","0.0365825447513597"
"pi_3_self_mer","0.0541038452820172","0.0211479670604793"
"pi_4_self_mob_mer","0.148606538528375","0.0329898255986964"
"pi_5_rand","0.244844569662324","0.039082505734457"
"tremble_spec","0.111847571406643","0.0571032114545014"
"tremble_high","0.152449370766105","0.0330823336339549"
"tremble_medium","0.104344053606118","0.0402676938477925"
"tremble_low","0.028142486947526","0.0149484215705533"
"best_start_id","610",NA
"Log_lik","1092.08581785522",NA
"convergence","1",NA
