"id_low","type_1","type_2","type_3","type_4","type_5"
"0frnmta8",0,0,0,0,1
"29utdz5l",0.800727879787888,0.150495582927373,0.0181839150594986,0.0303072036665094,0.000285418558731292
"2cug4w1w",0,0,0,0,1
"3abxz8tt",0.800727879787888,0.150495582927373,0.0181839150594986,0.0303072036665094,0.000285418558731292
"3mq4nrx5",0,0,0,0,1
"4jm3brja",0,0,0,0,1
"4jq3yj57",0.800727879787888,0.150495582927373,0.0181839150594986,0.0303072036665094,0.000285418558731292
"6e4bvunt",0.800727879787888,0.150495582927373,0.0181839150594986,0.0303072036665094,0.000285418558731292
"6fwv2e5w",0.800727879787888,0.150495582927373,0.0181839150594986,0.0303072036665094,0.000285418558731292
"6z6k4iyp",0.800727879787888,0.150495582927373,0.0181839150594986,0.0303072036665094,0.000285418558731292
"7tysp9vs",0.800727879787888,0.150495582927373,0.0181839150594986,0.0303072036665094,0.000285418558731292
"9qn8z5vk",0.800727879787888,0.150495582927373,0.0181839150594986,0.0303072036665094,0.000285418558731292
"9rcaxw38",0,0,0,0,1
"ab735xw8",0,0,0.37280045021129,0.621347995442711,0.00585155434599886
"agzm2de9",0,0,0,0,1
"bezmhu5z",0.800727879787888,0.150495582927373,0.0181839150594986,0.0303072036665094,0.000285418558731292
"d5qfgg19",0,0,0,0,1
"dtklvj1t",0.800727879787888,0.150495582927373,0.0181839150594986,0.0303072036665094,0.000285418558731292
"eiqhfzn0",0.800727879787888,0.150495582927373,0.0181839150594986,0.0303072036665094,0.000285418558731292
"gbmf0i1a",0.800727879787888,0.150495582927373,0.0181839150594986,0.0303072036665094,0.000285418558731292
"gy8i22ce",0,0,0,0,1
"h68kslig",0.800727879787888,0.150495582927373,0.0181839150594986,0.0303072036665094,0.000285418558731292
"hlna6th9",0.800727879787888,0.150495582927373,0.0181839150594986,0.0303072036665094,0.000285418558731292
"htx1jjwr",0.800727879787888,0.150495582927373,0.0181839150594986,0.0303072036665094,0.000285418558731292
"huu0xgp6",0.800727879787888,0.150495582927373,0.0181839150594986,0.0303072036665094,0.000285418558731292
"j69h0vl8",0.800727879787888,0.150495582927373,0.0181839150594986,0.0303072036665094,0.000285418558731292
"jsa0t5wn",0.800727879787888,0.150495582927373,0.0181839150594986,0.0303072036665094,0.000285418558731292
"kadjbxea",0.800727879787888,0.150495582927373,0.0181839150594986,0.0303072036665094,0.000285418558731292
"mj3rk5m9",0,0,0,0,1
"n0m2g51m",0,0,0.37280045021129,0.621347995442711,0.00585155434599886
"n1dem06b",0.800727879787888,0.150495582927373,0.0181839150594986,0.0303072036665094,0.000285418558731292
"nsz1wj3f",0,0,0,0,1
"ofj689b6",0,0,0,0,1
"phnz79qv",0.800727879787888,0.150495582927373,0.0181839150594986,0.0303072036665094,0.000285418558731292
"qfual742",0,0,0,0,1
"s11y9nxb",0.800727879787888,0.150495582927373,0.0181839150594986,0.0303072036665094,0.000285418558731292
"s8ip2ew8",0.800727879787888,0.150495582927373,0.0181839150594986,0.0303072036665094,0.000285418558731292
"ssbrvdal",0.800727879787888,0.150495582927373,0.0181839150594986,0.0303072036665094,0.000285418558731292
"v356l4qb",0.800727879787888,0.150495582927373,0.0181839150594986,0.0303072036665094,0.000285418558731292
"vm5so7k0",0,0,0,0,1
"vtv2fpz3",0,0,0,0,1
"vxw0m9ko",0.800727879787888,0.150495582927373,0.0181839150594986,0.0303072036665094,0.000285418558731292
"w5pfqo59",0.800727879787888,0.150495582927373,0.0181839150594986,0.0303072036665094,0.000285418558731292
"wl11i8kc",0.800727879787888,0.150495582927373,0.0181839150594986,0.0303072036665094,0.000285418558731292
"xsqw445j",0.800727879787888,0.150495582927373,0.0181839150594986,0.0303072036665094,0.000285418558731292
"yfki86ue",0.800727879787888,0.150495582927373,0.0181839150594986,0.0303072036665094,0.000285418558731292
"yoz280nj",0.800727879787888,0.150495582927373,0.0181839150594986,0.0303072036665094,0.000285418558731292
"z31rwb9m",0,0,0,0,1
