"id_spec","type_1","type_2","type_3","type_4","type_5"
"0e2k99ml",0.0894425609863936,0,0.779969991716528,0,0.130587447297078
"118rkbu1",0.00846965155671854,0.815031338813333,0,0.164133194473383,0.0123658151565657
"1ni2dmgn",0.406501648044124,0,0,0,0.593498351955875
"2xlxqqay",0.406501648044124,0,0,0,0.593498351955875
"3l244i8w",0.406501648044124,0,0,0,0.593498351955875
"4dk389g6",0.406501648044124,0,0,0,0.593498351955875
"5kayw5vz",0.406501648044124,0,0,0,0.593498351955875
"5ltgrv4x",0.00846965155671854,0.815031338813333,0,0.164133194473383,0.0123658151565657
"5yblxp9u",0.406501648044124,0,0,0,0.593498351955875
"5yywhgkp",0.406501648044124,0,0,0,0.593498351955875
"6w1368n3",0.0327232219065958,0,0.285357785353533,0.63414261012077,0.0477763826191004
"9c2yt35h",0.406501648044124,0,0,0,0.593498351955875
"ai456g2e",0.00846965155671854,0.815031338813333,0,0.164133194473383,0.0123658151565657
"bxc33urn",0.406501648044124,0,0,0,0.593498351955875
"bzcbsyn0",0.406501648044124,0,0,0,0.593498351955875
"cdq0k41w",0.406501648044124,0,0,0,0.593498351955875
"cl3be3cj",0.00846965155671854,0.815031338813333,0,0.164133194473383,0.0123658151565657
"dbymdxle",0.406501648044124,0,0,0,0.593498351955875
"dhsrf719",0.0327232219065958,0,0.285357785353533,0.63414261012077,0.0477763826191004
"dznsj7fa",0.0894425609863936,0,0.779969991716528,0,0.130587447297078
"f00b0cvu",0.406501648044124,0,0,0,0.593498351955875
"f7rhkzo5",0.406501648044124,0,0,0,0.593498351955875
"fjk1bfwb",0.406501648044124,0,0,0,0.593498351955875
"g138wbl7",0.00846965155671854,0.815031338813333,0,0.164133194473383,0.0123658151565657
"g1blxe22",0.406501648044124,0,0,0,0.593498351955875
"gg6tpu2q",0.406501648044124,0,0,0,0.593498351955875
"gk5cysqi",0.406501648044124,0,0,0,0.593498351955875
"htc4ldml",0.406501648044124,0,0,0,0.593498351955875
"j0yep3pq",0.0327232219065958,0,0.285357785353533,0.63414261012077,0.0477763826191004
"lgx3fr23",0.045789657028285,0,0,0.887356773955035,0.0668535690166797
"m8nc1dom",0.406501648044124,0,0,0,0.593498351955875
"na0sbo82",0.406501648044124,0,0,0,0.593498351955875
"noypeeuo",0.406501648044124,0,0,0,0.593498351955875
"npxvgdcy",0.406501648044124,0,0,0,0.593498351955875
"nucxlhu4",0.00846965155671854,0.815031338813333,0,0.164133194473383,0.0123658151565657
"o3dwsbz8",0.406501648044124,0,0,0,0.593498351955875
"q1q06ukg",0.406501648044124,0,0,0,0.593498351955875
"q1sab7tr",0.406501648044124,0,0,0,0.593498351955875
"r038lbo6",0.406501648044124,0,0,0,0.593498351955875
"slus5gyu",0.0327232219065958,0,0.285357785353533,0.63414261012077,0.0477763826191004
"t6163i0l",0.406501648044124,0,0,0,0.593498351955875
"tzk6q0f9",0.0327232219065958,0,0.285357785353533,0.63414261012077,0.0477763826191004
"wejy6pd5",0.406501648044124,0,0,0,0.593498351955875
"wwnaiya9",0.406501648044124,0,0,0,0.593498351955875
"x2ofp76d",0.045789657028285,0,0,0.887356773955035,0.0668535690166797
"y17fvfvc",0.406501648044124,0,0,0,0.593498351955875
"yfzm361v",0.045789657028285,0,0,0.887356773955035,0.0668535690166797
"zcaf4fnu",0.406501648044124,0,0,0,0.593498351955875
